{"H": {"smiles": "[H][H]", "energy": -0.9815901867583035, "stddev": 2.9124463230001396e-08}, "C": {"smiles": "[C-]#[C+]", "energy": -4.017501008993427, "stddev": 3.730349362740526e-14}, "N": {"smiles": "N#N", "energy": -5.228634958282651, "stddev": 9.86117854040458e-11}, "O": {"smiles": "O=O", "energy": -7.532923520772655, "stddev": 9.458673844164878e-10}, "F": {"smiles": "FF", "energy": -9.233247128547102, "stddev": 1.041566836569232e-11}, "P": {"smiles": "P#P", "energy": -4.7563126935647535, "stddev": 4.967687150525555e-09}, "S": {"smiles": "S=S", "energy": -6.297710112462534, "stddev": 3.861133635296754e-11}, "Cl": {"smiles": "ClCl", "energy": -8.965298689817953, "stddev": 3.0464649267512016e-13}}