{"H": {"smiles": "[H][H]", "energy": -0.9826860831098665, "stddev": 5.979843234936378e-07}, "C": {"smiles": "[C-]#[C+]", "energy": -4.045689266170293, "stddev": 3.4861031259155375e-13}, "N": {"smiles": "N#N", "energy": -5.763935398869218, "stddev": 2.9459382283722745e-10}, "O": {"smiles": "O=O", "energy": -7.906752366030366, "stddev": 5.518226174119859e-09}, "F": {"smiles": "FF", "energy": -9.319355419682855, "stddev": 1.476799839423711e-11}, "P": {"smiles": "P#P", "energy": -5.006123661622951, "stddev": 1.0812949199835938e-08}, "S": {"smiles": "S=S", "energy": -6.4790852802243455, "stddev": 1.3430319578500515e-11}, "Cl": {"smiles": "ClCl", "energy": -9.079329243006221, "stddev": 1.5761551679004743e-10}}
